QUADRIENIO_INI,QUADRIENIO_FIM,INDPRODART
2013,2016,0.025568181818181816
2017,2020,0.02828282828282828
2021,2024,0.015151515151515152
